	x_coord	y_coord
Landmark_0	216.06	578.376
Landmark_1	152.07299999999998	226.863
Landmark_2	523.53	162.045
Landmark_3	349.851	284.202
Landmark_4	397.21799999999996	447.909
Landmark_5	535.164	517.713
Landmark_6	704.688	398.88
Landmark_7	536.826	729.6179999999999
Landmark_8	305.808	511.89599999999996
