	x_coord	y_coord
Landmark_0	621.588	578.376
Landmark_1	324.09	709.674
Landmark_2	121.326	422.979
Landmark_3	278.385	521.0369999999999
Landmark_4	410.51399999999995	420.486
Landmark_5	455.388	277.554
Landmark_6	299.15999999999997	167.031
Landmark_7	632.391	248.469
Landmark_8	501.09299999999996	497.76899999999995
