	x_coord	y_coord
Landmark_0	292.512	201.933
Landmark_1	643.194	147.087
Landmark_2	654.828	521.0369999999999
Landmark_3	540.981	337.38599999999997
Landmark_4	386.41499999999996	372.288
Landmark_5	282.53999999999996	476.16299999999995
Landmark_6	384.753	665.631
Landmark_7	74.78999999999999	448.73999999999995
Landmark_8	337.38599999999997	283.371
