	x_coord	y_coord
Landmark_0	548.4599999999999	204.426
Landmark_1	230.18699999999998	199.44
Landmark_2	162.045	591.672
Landmark_3	293.34299999999996	383.091
Landmark_4	421.317	411.34499999999997
Landmark_5	520.206	517.713
Landmark_6	418.82399999999996	711.336
Landmark_7	712.1669999999999	473.66999999999996
Landmark_8	472.008	306.639
