	x_coord	y_coord
Landmark_0	324.09	647.3489999999999
Landmark_1	97.22699999999999	420.486
Landmark_2	319.104	137.11499999999998
Landmark_3	275.061	361.48499999999996
Landmark_4	401.373	437.106
Landmark_5	562.587	429.62699999999995
Landmark_6	616.602	226.863
Landmark_7	663.1379999999999	610.785
Landmark_8	358.161	539.319
