	x_coord	y_coord
Landmark_0	555.939	626.574
Landmark_1	267.582	684.7439999999999
Landmark_2	142.101	313.287
Landmark_3	275.061	482.811
Landmark_4	431.289	433.782
Landmark_5	535.995	284.202
Landmark_6	402.204	143.763
Landmark_7	707.1809999999999	324.09
Landmark_8	492.78299999999996	531.8399999999999
