	x_coord	y_coord
Landmark_0	171.18599999999998	375.61199999999997
Landmark_1	348.18899999999996	112.18499999999999
Landmark_2	631.56	332.4
Landmark_3	465.35999999999996	295.836
Landmark_4	379.767	413.007
Landmark_5	391.40099999999995	568.404
Landmark_6	582.531	625.7429999999999
Landmark_7	216.06	646.5179999999999
Landmark_8	269.24399999999997	395.556
