	x_coord	y_coord
Landmark_0	636.5459999999999	462.86699999999996
Landmark_1	451.233	733.7729999999999
Landmark_2	160.38299999999998	511.89599999999996
Landmark_3	330.738	540.15
Landmark_4	449.57099999999997	412.176
Landmark_5	409.683	258.441
Landmark_6	246.807	224.36999999999998
Landmark_7	589.179	128.805
Landmark_8	536.826	435.44399999999996
