	x_coord	y_coord
Landmark_0	412.176	663.1379999999999
Landmark_1	109.692	513.558
Landmark_2	234.34199999999998	174.51
Landmark_3	268.413	394.72499999999997
Landmark_4	404.697	438.768
Landmark_5	570.8969999999999	383.92199999999997
Landmark_6	564.249	174.51
Landmark_7	716.322	520.206
Landmark_8	405.52799999999996	541.812
